{
	"metaDataVersion": "1.0.0",
	"category": "com.microchip.ide.project",
	"content": {
		"metaDataVersion": "1.1.0",
		"name": "com.microchip.mcu32.mplabx.project.net_apps_sam_e70_v71_tcpip_tcp_client_sam_e70_xult",
		"version": "3.7.0",
		"displayName": "TCP/IP TCP Client Example for SAM E70/S70/V70/V71 Family",
		"projectName": "tcpip_tcp_client",
		"shortDescription": "The TCP Client configuration demonstrates creating a network client with the MPLAB Harmony TCP API to make a TCP/IP connection to a web server.",
		"ide": {
			"name": "MPLABX",
			"semverRange": ">=5.45.0"
		},
		"compiler": [
			{
				"name": "XC32",
				"semverRange": ">=2.50.0"
			}
		],
		"dfp": {
			"name": "SAME70_DFP",
			"semverRange": "^4.4.78"
		},
		"configurator": {
			"name": "MHC",
			"semverRange": ">=3.6.2"
		},
		"device": {
			"metaDataVersion": "1.0.0",
			"category": "com.microchip.portal.contentRef",
			"content": {
				"metaDataVersion": "1.0.0",
				"category": "com.microchip.device",
				"name": "ATSAME70Q21B",
				"versionRange": "*"
			}
		},
		"author": "Microchip",
		"subcategories": [
			[
				"Development Kit", "SAM E70 Xplained Ultra Evaluation Kit"
			],
			[
				"Harmony", "Middleware", "TCP/IP", "TCPIP_TCP_CLIENT"
			],
			[
				"Middleware", "TCP/IP", "TCPIP_TCP_CLIENT"
			]
		],
		"peripherals": [
			"MAC"
		],
		"keywords": [
			"MHC",
			"Harmony",
			"Middleware",
			"TCP/IP",
			"ATSAME70Q21B",
			"SAM E70/S70/V70/V71 Family",
			"Ethernet MAC",
			"GMAC"
		],
		"additionalData": {
			"longDescription": {
				"metaDataVersion": "1.0.0",
				"category": "com.microchip.portal.fileRef",
				"content": {
					"metaDataVersion": "1.0.0",
					"fileName": "./../../readme.md",
					"mimeType": "text/markdown"
				}
			}
		}
	}
}